Id;Fecha Alta;Apellidos;Nombre;Telefono;Fax;EMail;Direccion;CP;Localidad;Pais;Idioma Web;Informacion
15001;18/02/2010;Bryzachinas;Igoris;;;bryzachinas@mail.ru;5A Upper Craigs;FK8 2DG;;gb;en;NO
15004;18/02/2010;Knapp;Martin;;;mail@betternet.de;;;;es;es;NO
15007;19/02/2010;Paasikivi;Mikael;0034 663 45 55 64;;mikael.paasikivi@hotmail.com;Saltsjogrand 4;13335;;se;en;NO
15009;21/02/2010;Kuhnle;Roberto;661002914;;Architekt.Kuhnle@t-online.de;Las Lomas del Marbella Club -Pueblo-;29602 Marbella;;es;es;SI
15010;22/02/2010;Wilkinson;Richard;;;rwilkinson3@googlemail.com;19 Netherthorpe Way, Anston, Sheffield;S25 4FL;;gb;en;NO
15012;23/02/2010;Wikman;Niklas; 46730511127;;niklas@wikman.se;Vallviksvagen 120;17961;;se;en;SI
15013;23/02/2010;Rentsch;Andrea Christina;0041 79 827 52 40;;ar@clients.ch;Distelweg 17;3012;;ch;en;NO
15014;23/02/2010;Høfde;Birgitte;35 35 82 83;;esbenv@bio.ku.dk;Randbølvej 15;2720;;dk;en;SI
15016;24/02/2010;Martínez ;Eugenio ;;;uxiomarti@hotmail.com;;;;es;es;NO
15018;25/02/2010;Olaf;Kühne;;;info@kuehne-immobilien.net;;;;de;es;NO
15019;25/02/2010;Ostenfor;Emil ;0047 41459623;;hanne@sdg.no;Frognerveien 8;0257;;no;en;NO
15020;02/03/2010;Ramirez;Paz;0;;paz@rampesa.com;;;;es;es;SI
15021;25/02/2010;Pearson;Lucille ;01653695642;;lucille.pearson@sky.com;27 Colling Wood Gardens;YO17 7YQ;;gb;en;NO
15023;26/02/2010;SEMPERE CANALES;MARIA JOSE;365 415 728;;SANTAPOLA@CROCSPAIN.COM;MARMOLISTAS 2-6;03130;;es;es;SI
15028;01/03/2010;quintana fernández;pilar;944478461;;severni@hotmail.com;plaza san pedro 3,  2º dcha. dcha.;48014  bilbao;;es;es;NO
15032;04/03/2010;Prein;Peter;;;peter.prein@gppreinadvies.nl;;;;nl;en;SI
15033;04/03/2010;illing;joern;00491636301691;;joern.illing@web.de;daimlerstrasse 26;22041;;de;en;NO
15034;04/03/2010;Graydon;Frederick Allan;952882532;;agraydon@iadvisors.eu;C/Pino Real 37, Benamara Dos Hermanas, Estepona;29680;;es;es;SI
15037;09/03/2010;Keller;Nicole;;;nicole.keller@nike.com;;;;ch;es;SI
15038;09/03/2010;Christian;Beines;00492116878100;;ch.beines@concept-steuer.de;Paulusstr.1;40237;;de;en;SI
15040;10/03/2010;Cooper;Ben;07595 203008;;ben@bpc101.co.uk;6 Wharf Road;CM23 3HU;;gb;en;SI
15050;15/03/2010;Carr;Philip; 44 1772 684131;;philip.carr@btinternet.com;3 Maple Close, Newton, Preston;PR4 3TS;;gb;en;SI
15056;18/03/2010;Achim;Bartz;;;LKayser@T-online.de;Geleitweg 12c;23569;;de;en;NO
15064;23/03/2010;Sonja;Hülscher;;;sonja_huelscher@web.de;;;;de;en;NO
15065;24/03/2010;da Silva Tereso;Nelson José ;917833724;;nelsontereso@gmail.com;Av.Circular Norte,nº29_Blc.A_2ºDtº;2450-100;;pt;es;SI
15066;24/03/2010;tanney;barb;2486137196;;misrara@yahoo.com;32650 Norwood Drive;48025;;us;en;NO
15067;24/03/2010;Sondergaard;Steen Robbestad;663034838;;strs@nykredit.dk;Cl. Riu Tajo 36, no. 3;03580;;es;es;NO
15070;26/03/2010;Gentile Meyer;Maria;0041442017354;;gentilemaria@hotmail.com;Brunaustrasse 56;8002;;ch;es;NO
15071;26/03/2010;Fratto Olivito;Maria;0041565345185;;maria.fratto@hispeed.ch;Tellestrasse 21;5416;;ch;es;NO
15072;26/03/2010;Recchia Foglia;Celestina;0041443400985;;recchia@hotmail.com;Imbisbühlstrasse 150;8049;;ch;es;NO
15075;28/03/2010;Nadine;Stang;;;n.stang@gmx.de;;;;es;es;NO
15077;30/03/2010;Frank;Opper;0049-2131602457;;buero@opper-architekten.de;Bayernstr. 13 41564 Kaarst;;;de;en;NO
15078;30/03/2010;Vincent;Bonal;00447825641552;;vincentbonal@yahoo.fr;OTV House Wokingham Road;RG42 1NG;;gb;en;NO
15084;02/04/2010;Bisgaard - Jespersen;Lars Ulrik;0045 22 70 86 61;;larsulrik_b@hotmail.com;Esbern Snares Gade 8, 1 th.;1725;;dk;en;NO
15084;02/04/2010;Bisgaard - Jespersen;Lars Ulrik;0045 22 70 86 61;;larsulrik_b@hotmail.com;Esbern Snares Gade 8, 1 th.;1725;;dk;en;NO
15085;02/04/2010;Jean Marcel;Baetens;0032494561305;;baetens@mail.be;Patersstraat 1 bus 2;9500;;be;en;SI
15087;03/04/2010;Daniela;Gnaegi;0041 32 535 35 59;;danielagnaegi@hotmail.com;Schuetzengasse 73;2502;;ch;en;NO
15088;03/04/2010;Lundgren;Per;;;per.lundgren@ipsos-archway.com;;;;se;en;SI
15091;06/04/2010;Romero Buján;Mª del Carmen;627718993;;maycaromero@msn.com;Maulets, 5;46183;;es;es;NO
15096;07/04/2010;Susanne;Guggisberg; 41 31 829 31 29;;susanne.guggisberg@c-9.ch;Bodenweid 10b;3033;;ch;en;NO
15097;07/04/2010;Beate;Bommers; 4917653019404;;jumaju13@web.de;Lerchenstr. 15;;;de;es;NO
15098;08/04/2010;mrs;lynn schneck;6314911768;;lschneck50@aol.com;6 gorham lane;11746;;us;en;NO
15099;08/04/2010;CAMPILLO MARI;ANTONIO ;652571133;;info@hostalentrepinos.com;HOSTAL ENTRE PINOS;07860;;es;es;SI
15103;10/04/2010;Cox;Stephanie; 34654667100;;findstephcox@yahoo.co.nz;5 Ngatitoa Strett;6006;;nz;en;NO
15107;12/04/2010;LOPEZ GABRIEL;GREGORIO;656322811;;gregoriolo@terra.es;AVDA DE ESPAÑA Nº 5    3º;28820   COSLADA;;es;es;NO
15115;18/04/2010;Victor;Hungerbühler; 41795039050;;vhvh@hispeed.ch;Tägerhardstrasse 63;5430;;ch;en;NO
15117;19/04/2010;Satzer;Tanja ; 49 (0)171 7010870;;tanja.satzer@lanxess.com;Jessestr. 30;50823 Cologne;;de;en;NO
15118;19/04/2010;Reed;Marit; 47 98836869;;ragnvald.reed@online.no;Glimmerveien 107;;;no;en;SI
15119;20/04/2010;Crowe;Dennis ;00441517226602;;supercrowes@blueyonder.co.uk;29 Montclair Drive;L18 0HA;;gb;en;SI
